loss,accuracy,val_loss,val_accuracy,epoch
0.08217459676476817,0.9713541865348816,0.02651553973555565,1.0,1
