loss,accuracy,val_loss,val_accuracy,epoch
0.052395954999762274,0.9811198115348816,0.010902251000516117,0.9882352948188782,1
