loss,accuracy,val_loss,val_accuracy,epoch
0.036690239425903805,0.9837239384651184,0.011829144754301524,0.9882352948188782,1
